sample_index,true_label,predicted_label,predicted_probability,checking_status,duration,credit_history,purpose,credit_amount,savings_status,employment,installment_commitment,personal_status,other_parties,residence_since,property_magnitude,age,other_payment_plans,housing,existing_credits,job,num_dependents,own_telephone,foreign_worker
977,1,1,0.9991295237590475,A12,18,A33,A49,2427,A65,A75,4,A93,A101,2,A122,42,A143,A152,2,A173,1,A191,A201
735,1,0,0.00013878061805065292,A12,36,A31,A44,3990,A65,A72,3,A92,A101,2,A124,29,A141,A152,1,A171,1,A191,A201
615,1,1,0.9998417157191356,A12,48,A30,A49,12204,A65,A73,2,A93,A101,2,A123,48,A141,A152,1,A174,1,A192,A201
413,1,1,0.9999079640188505,A14,10,A32,A40,1597,A63,A73,3,A93,A101,2,A124,40,A143,A151,1,A172,2,A191,A202
563,0,0,0.050503721967930876,A12,36,A32,A40,12389,A65,A73,1,A93,A101,4,A124,37,A143,A153,1,A173,1,A192,A201
27,1,0,0.001289426999316236,A13,12,A31,A43,409,A64,A73,3,A92,A101,3,A121,42,A143,A151,2,A173,1,A191,A201
514,1,1,0.8605689709197025,A14,24,A32,A40,2255,A65,A72,4,A93,A101,1,A122,54,A143,A152,1,A173,1,A191,A201
624,0,0,0.006251502148916534,A11,18,A32,A43,2600,A61,A73,4,A93,A101,4,A124,65,A143,A153,2,A173,1,A191,A201
475,0,0,0.07466850121310128,A11,18,A30,A42,3114,A61,A72,1,A92,A101,4,A122,26,A143,A151,1,A173,1,A191,A201
991,1,0,0.1981122720581405,A14,15,A31,A43,1569,A62,A75,4,A93,A101,4,A123,34,A141,A152,1,A172,2,A191,A201
975,1,1,0.9260393225704313,A13,24,A32,A43,1258,A63,A73,3,A92,A101,3,A123,57,A143,A152,1,A172,1,A191,A201
633,0,1,0.999894609818515,A14,9,A32,A42,1980,A61,A72,2,A92,A102,2,A123,19,A143,A151,2,A173,1,A191,A201
192,0,1,0.9996929016827691,A12,27,A32,A49,3915,A61,A73,4,A93,A101,2,A123,36,A143,A152,1,A173,2,A192,A201
998,0,0,1.562914381287624e-06,A11,45,A32,A43,1845,A61,A73,4,A93,A101,4,A124,23,A143,A153,1,A173,1,A192,A201
705,1,1,0.9999409834793322,A14,15,A32,A40,5324,A63,A75,1,A92,A101,4,A124,35,A143,A153,1,A173,1,A191,A201
248,1,1,0.8138006080531814,A13,24,A32,A42,1925,A61,A73,2,A93,A101,2,A121,26,A143,A152,1,A173,1,A191,A201
730,1,1,0.9999742388214302,A12,24,A33,A43,6403,A61,A72,1,A93,A101,2,A123,33,A143,A152,1,A173,1,A191,A201
190,0,1,0.9999678921818453,A14,24,A32,A49,4591,A64,A73,2,A93,A101,3,A122,54,A143,A152,3,A174,1,A192,A201
942,1,1,0.9999372552543506,A14,24,A32,A42,929,A65,A74,4,A93,A101,2,A123,31,A142,A152,1,A173,1,A192,A201
23,1,1,0.9981406568398143,A12,12,A34,A41,1804,A62,A72,3,A93,A101,4,A122,44,A143,A152,1,A173,1,A191,A201
139,1,1,0.9986638370566943,A13,12,A32,A43,1881,A61,A73,2,A92,A101,2,A123,44,A143,A151,1,A172,1,A192,A201
56,0,1,0.9904816973691776,A12,12,A32,A43,6468,A65,A71,2,A93,A101,1,A124,52,A143,A152,1,A174,1,A192,A201
474,0,1,0.9990829863504781,A12,18,A34,A43,1245,A61,A73,4,A94,A101,2,A123,33,A143,A152,1,A173,1,A191,A201
305,1,1,0.999999160636575,A14,6,A32,A42,1543,A64,A73,4,A91,A101,2,A121,33,A143,A152,1,A173,1,A191,A201
489,1,0,0.005715961145166457,A14,6,A32,A40,3518,A61,A73,2,A93,A103,3,A122,26,A143,A151,1,A173,1,A191,A201
36,1,0,0.0034573479930072306,A14,48,A34,A46,6110,A61,A73,1,A93,A101,3,A124,31,A141,A153,1,A173,1,A192,A201
391,1,1,0.9989202081114538,A12,12,A32,A42,983,A64,A72,1,A92,A101,4,A121,19,A143,A151,1,A172,1,A191,A201
381,0,0,0.0020965756445898965,A12,18,A32,A41,12976,A61,A71,3,A92,A101,4,A124,38,A143,A153,1,A174,1,A192,A201
694,1,1,0.9922269991955782,A14,24,A32,A43,2284,A61,A74,4,A93,A101,2,A123,28,A143,A152,1,A173,1,A192,A201
378,0,0,0.00017801085069426962,A12,36,A32,A40,14318,A61,A75,4,A93,A101,2,A124,57,A143,A153,1,A174,1,A192,A201
133,1,1,0.9934597049690921,A14,18,A32,A42,1984,A61,A73,4,A93,A101,4,A124,47,A141,A153,2,A173,1,A191,A201
480,1,1,0.9959926579380051,A12,12,A34,A43,3573,A61,A73,1,A92,A101,1,A121,23,A143,A152,1,A172,1,A191,A201
870,1,1,0.9999849461394853,A14,36,A33,A42,7678,A63,A74,2,A92,A101,4,A123,40,A143,A152,2,A173,1,A192,A201
389,1,1,0.6934444165402205,A14,9,A32,A49,1449,A61,A74,3,A92,A101,2,A123,27,A143,A152,2,A173,1,A191,A201
491,0,0,0.0035004483400665927,A12,27,A30,A49,8318,A61,A75,2,A92,A101,4,A124,42,A143,A153,2,A174,1,A192,A201
47,1,1,0.9999960595032804,A11,6,A32,A41,1352,A63,A71,1,A92,A101,2,A122,23,A143,A151,1,A171,1,A192,A201
217,1,1,0.5286268699015672,A13,36,A32,A43,3913,A61,A73,2,A93,A101,2,A121,23,A143,A152,1,A173,1,A192,A201
834,0,0,0.2019882419357668,A13,15,A32,A43,2327,A61,A72,2,A92,A101,3,A121,25,A143,A152,1,A172,1,A191,A201
61,1,1,0.9999522893810118,A12,15,A34,A43,1537,A65,A75,4,A93,A103,4,A121,50,A143,A152,2,A173,1,A192,A201
866,1,1,0.8109899365631834,A11,18,A32,A43,2389,A61,A72,4,A92,A101,1,A123,27,A142,A152,1,A173,1,A191,A201
871,1,1,0.9999979757715834,A13,6,A34,A40,1343,A61,A75,1,A93,A101,4,A121,46,A143,A152,2,A173,2,A191,A202
511,1,1,0.9999920883023214,A14,36,A32,A41,4686,A61,A73,2,A93,A101,2,A124,32,A143,A153,1,A174,1,A192,A201
352,1,1,0.999999462253368,A14,18,A34,A41,3229,A65,A71,2,A93,A101,4,A124,38,A143,A152,1,A174,1,A192,A201
31,1,1,0.5876181133177871,A11,24,A32,A42,4020,A61,A73,2,A93,A101,2,A123,27,A142,A152,1,A173,1,A191,A201
746,1,1,0.998780115723929,A11,15,A32,A40,2511,A61,A71,1,A92,A101,4,A123,23,A143,A151,1,A173,1,A191,A201
374,0,0,0.0013673710790679352,A12,60,A31,A410,14782,A62,A75,3,A92,A101,4,A124,60,A141,A153,2,A174,1,A192,A201
50,1,0,0.00010408514642169899,A12,24,A33,A42,2333,A65,A72,4,A93,A101,2,A122,29,A141,A152,1,A172,1,A191,A201
674,0,1,0.8296445437780999,A14,21,A33,A49,2580,A63,A72,4,A93,A101,2,A121,41,A141,A152,1,A172,2,A191,A201
395,1,1,0.9962426656555573,A12,39,A33,A46,11760,A62,A74,2,A93,A101,3,A124,32,A143,A151,1,A173,1,A192,A201
390,1,1,0.5663737114534222,A14,18,A32,A40,1820,A61,A73,2,A94,A101,2,A122,30,A143,A152,1,A174,1,A192,A201
175,0,1,0.9999999099992322,A14,30,A31,A41,7485,A65,A71,4,A92,A101,1,A121,53,A141,A152,1,A174,1,A192,A201
850,0,1,0.9998699068639563,A11,20,A34,A40,2235,A61,A73,4,A94,A103,2,A122,33,A141,A151,2,A173,1,A191,A202
321,0,0,0.033477158932150065,A11,24,A32,A43,1938,A61,A72,4,A91,A101,3,A122,32,A143,A152,1,A173,1,A191,A201
165,1,1,0.9996072857690368,A14,6,A32,A42,2978,A63,A73,1,A93,A101,2,A123,32,A143,A152,1,A173,1,A192,A201
978,0,1,0.9949032197227275,A14,24,A33,A40,2538,A61,A75,4,A93,A101,4,A123,47,A143,A152,2,A172,2,A191,A201
376,1,1,0.998666375943232,A14,18,A33,A43,2320,A61,A71,2,A94,A101,3,A121,34,A143,A152,2,A173,1,A191,A201
430,1,1,0.999999999406,A14,5,A32,A49,3448,A61,A74,1,A93,A101,4,A121,74,A143,A152,1,A172,1,A191,A201
60,1,0,0.0467982168882548,A12,9,A32,A49,1391,A61,A73,2,A94,A101,1,A121,27,A141,A152,1,A173,1,A192,A201
71,1,1,0.9994906052438471,A14,7,A34,A43,730,A65,A75,4,A93,A101,2,A122,46,A143,A151,2,A172,1,A192,A201
70,1,1,0.9893888288295416,A14,36,A32,A41,8133,A61,A73,1,A92,A101,2,A122,30,A141,A152,1,A173,1,A191,A201
554,1,1,0.9999659055721526,A12,9,A32,A46,1199,A61,A74,4,A92,A101,4,A122,67,A143,A152,2,A174,1,A192,A201
188,0,1,0.7787749868224355,A11,12,A32,A43,674,A62,A74,4,A94,A101,1,A122,20,A143,A152,1,A173,1,A191,A201
683,1,1,0.9558188958980055,A14,24,A34,A43,5103,A61,A72,3,A94,A101,3,A124,47,A143,A153,3,A173,1,A192,A201
214,1,1,0.9999596368830346,A14,36,A34,A43,3342,A65,A75,4,A93,A101,2,A123,51,A143,A152,1,A173,1,A192,A201
814,0,0,0.0020340924038181603,A11,48,A32,A40,3931,A61,A74,4,A93,A101,4,A124,46,A143,A153,1,A173,2,A191,A201
947,1,1,0.9823012543503875,A14,12,A32,A40,2859,A65,A71,4,A93,A101,4,A124,38,A143,A152,1,A174,1,A192,A201
80,0,1,0.9999380972693195,A14,24,A32,A43,5943,A65,A72,1,A92,A101,1,A123,44,A143,A152,2,A173,1,A192,A201
447,1,1,0.9977484072998728,A12,7,A32,A43,2576,A61,A73,2,A93,A103,2,A121,35,A143,A152,1,A173,1,A191,A201
631,0,0,0.00212157132514458,A11,18,A31,A42,1553,A61,A73,4,A93,A101,3,A123,44,A141,A152,1,A173,1,A191,A201
941,1,1,0.9999995687161601,A14,10,A32,A40,1546,A61,A73,3,A93,A101,2,A121,31,A143,A152,1,A172,2,A191,A202
544,1,1,0.9999981119103174,A14,12,A34,A40,1255,A61,A75,4,A93,A101,4,A121,61,A143,A152,2,A172,1,A191,A201
829,1,1,0.9989949832750354,A12,48,A33,A49,6681,A65,A73,4,A93,A101,4,A124,38,A143,A153,1,A173,2,A192,A201
785,1,1,0.9998586963385667,A12,18,A32,A49,1941,A64,A73,4,A93,A101,2,A122,35,A143,A152,1,A172,1,A192,A201
929,1,0,0.08024713923187009,A11,12,A33,A40,1344,A61,A73,4,A93,A101,2,A121,43,A143,A152,2,A172,2,A191,A201
486,1,1,0.9500067723124398,A14,12,A32,A43,3077,A61,A73,2,A93,A101,4,A123,52,A143,A152,1,A173,1,A192,A201
876,1,0,0.012060007242428866,A11,18,A31,A43,1940,A61,A72,3,A93,A102,4,A124,36,A141,A153,1,A174,1,A192,A201
721,0,0,1.3923288380923976e-05,A12,6,A31,A46,433,A64,A72,4,A92,A101,2,A122,24,A141,A151,1,A173,2,A191,A201
340,1,0,0.06707200088082202,A12,24,A34,A46,5743,A61,A72,2,A92,A101,4,A124,24,A143,A153,2,A173,1,A192,A201
125,1,0,0.19003856737400873,A11,12,A34,A40,2121,A61,A73,4,A93,A101,2,A122,30,A143,A152,2,A173,1,A191,A201
212,0,0,0.02268076371584921,A11,27,A30,A49,5293,A61,A71,2,A93,A101,4,A122,50,A142,A152,2,A173,1,A192,A201
262,1,1,0.973583501858792,A11,18,A34,A40,5302,A61,A75,2,A93,A101,4,A124,36,A143,A153,3,A174,1,A192,A201
812,0,1,0.9197173919743583,A11,36,A34,A41,9629,A61,A74,4,A93,A101,4,A123,24,A143,A152,2,A173,1,A192,A201
100,1,1,0.9873822175510418,A14,24,A32,A40,1469,A62,A75,4,A94,A101,4,A121,41,A143,A151,1,A172,1,A191,A201
341,1,1,0.9600624264479027,A11,21,A32,A42,3599,A61,A74,1,A92,A101,4,A123,26,A143,A151,1,A172,1,A191,A201
892,1,1,0.9960950369125052,A11,12,A34,A40,2171,A61,A73,4,A93,A101,4,A122,38,A141,A152,2,A172,1,A191,A202
263,1,1,0.9999989413721075,A14,12,A34,A46,2748,A61,A75,2,A92,A101,4,A124,57,A141,A153,3,A172,1,A191,A201
818,1,0,2.2501331397375572e-05,A11,36,A32,A410,15857,A61,A71,2,A91,A102,3,A123,43,A143,A152,1,A174,1,A191,A201
164,1,0,0.03729177892092502,A14,36,A32,A40,909,A63,A75,4,A93,A101,4,A122,36,A143,A152,1,A173,1,A191,A201
357,0,1,0.9999720218539622,A14,36,A33,A43,4463,A61,A73,4,A93,A101,2,A123,26,A143,A152,2,A174,1,A192,A201
696,1,1,0.9998622089300331,A12,12,A32,A43,1103,A61,A74,4,A93,A103,3,A121,29,A143,A152,2,A173,1,A191,A202
561,0,0,0.014304441066501751,A11,24,A31,A43,1546,A61,A74,4,A93,A103,4,A123,24,A141,A151,1,A172,1,A191,A201
619,1,1,0.9997799206415799,A14,12,A32,A40,640,A61,A73,4,A91,A101,2,A121,49,A143,A152,1,A172,1,A191,A201
444,0,0,0.008891623707149021,A12,48,A34,A42,5096,A61,A73,2,A92,A101,3,A123,30,A143,A152,1,A174,1,A192,A201
680,1,1,0.8010672140512871,A14,6,A32,A46,1538,A61,A72,1,A92,A101,2,A124,56,A143,A152,1,A173,1,A191,A201
299,1,1,0.9999820188232951,A12,21,A34,A42,2745,A64,A74,3,A93,A101,2,A123,32,A143,A152,2,A173,1,A192,A201
157,1,0,0.000540460873902058,A11,12,A31,A48,339,A61,A75,4,A94,A101,1,A123,45,A141,A152,1,A172,1,A191,A201
320,0,0,0.02147029303948808,A12,30,A34,A40,4249,A61,A71,4,A94,A101,2,A123,28,A143,A152,2,A174,1,A191,A201
596,0,0,0.0027803116450100637,A11,24,A32,A40,1442,A61,A74,4,A92,A101,4,A123,23,A143,A151,2,A173,1,A191,A201
220,1,1,0.9999963357459591,A12,12,A32,A43,625,A61,A72,4,A94,A103,1,A121,26,A141,A152,1,A172,1,A191,A201
914,0,1,0.992173209878422,A11,24,A31,A49,3161,A61,A73,4,A93,A101,2,A122,31,A143,A151,1,A173,1,A192,A201
394,1,1,0.891550193725924,A14,9,A34,A42,2406,A61,A71,2,A93,A101,3,A123,31,A143,A152,1,A174,1,A191,A201
983,0,1,0.9999667276646071,A11,36,A32,A41,8229,A61,A73,2,A93,A101,2,A122,26,A143,A152,1,A173,2,A191,A201
198,1,1,0.9688268643407705,A12,24,A32,A41,2760,A65,A75,4,A93,A101,4,A124,36,A141,A153,1,A173,1,A192,A201
952,0,1,0.9999082515758831,A12,24,A32,A41,4113,A63,A72,3,A92,A101,4,A123,28,A143,A151,1,A173,1,A191,A201
48,1,1,0.9990693553205212,A14,11,A34,A40,7228,A61,A73,1,A93,A101,4,A122,39,A143,A152,2,A172,1,A191,A201
269,1,1,0.9995240937058565,A14,24,A32,A43,999,A65,A75,4,A93,A101,2,A123,25,A143,A152,2,A173,1,A191,A201
875,1,1,0.9699678329293545,A12,11,A34,A40,1322,A64,A73,4,A92,A101,4,A123,40,A143,A152,2,A173,1,A191,A201
348,1,1,0.9999984995207604,A14,6,A33,A49,1743,A62,A73,1,A93,A101,2,A121,34,A143,A152,2,A172,1,A191,A201
152,1,0,0.05918378280155132,A13,36,A32,A43,5848,A61,A73,4,A93,A101,1,A123,24,A143,A152,1,A173,1,A191,A201
65,1,1,0.9979106337148098,A14,27,A32,A45,5190,A65,A75,4,A93,A101,4,A122,48,A143,A152,4,A173,2,A192,A201
122,1,1,0.572097599918142,A14,12,A32,A42,1768,A61,A73,3,A93,A101,2,A121,24,A143,A151,1,A172,1,A191,A201
356,1,1,0.9999999915252314,A14,12,A34,A43,2331,A65,A75,1,A93,A102,4,A121,49,A143,A152,1,A173,1,A192,A201
77,1,1,0.999747337237085,A12,11,A33,A43,4771,A61,A74,2,A93,A101,4,A122,51,A143,A152,1,A173,1,A191,A201
779,1,1,0.9992321897572025,A12,18,A32,A45,3872,A61,A71,2,A92,A101,4,A123,67,A143,A152,1,A173,1,A192,A201
654,1,1,0.9999997677369343,A14,24,A34,A41,2346,A61,A74,4,A93,A101,3,A123,35,A143,A152,2,A173,1,A192,A201
804,1,1,0.999775242358538,A12,12,A32,A40,7472,A65,A71,1,A92,A101,2,A121,24,A143,A151,1,A171,1,A191,A201
207,1,0,0.12186935904004127,A12,12,A34,A44,1424,A61,A74,4,A93,A101,3,A122,26,A143,A152,1,A173,1,A191,A201
627,0,1,0.9999796261304825,A12,9,A31,A40,1437,A62,A74,2,A93,A101,3,A124,29,A143,A152,1,A173,1,A191,A201
924,0,0,0.01353609186462597,A11,24,A31,A42,6872,A61,A72,2,A91,A101,1,A122,55,A141,A152,1,A173,1,A192,A201
371,1,1,0.9998606813132243,A14,18,A34,A43,6070,A61,A75,3,A93,A101,4,A123,33,A143,A152,2,A173,1,A192,A201
543,0,1,0.9997348183831689,A13,18,A32,A42,2864,A61,A73,2,A93,A101,1,A121,34,A143,A152,1,A172,2,A191,A201
468,1,0,0.0013813370773137921,A14,33,A33,A49,2764,A61,A73,2,A92,A101,2,A123,26,A143,A152,2,A173,1,A192,A201
440,1,0,0.08850671839904578,A14,12,A32,A40,1884,A61,A75,4,A93,A101,4,A123,39,A143,A152,1,A174,1,A192,A201
732,1,1,0.9989447021656578,A12,8,A32,A43,760,A61,A74,4,A92,A103,2,A121,44,A143,A152,1,A172,1,A191,A201
244,1,1,0.7486431789599538,A14,12,A31,A48,3447,A63,A73,4,A92,A101,3,A121,35,A143,A152,1,A172,2,A191,A201
347,1,1,0.9973608211991289,A12,24,A32,A43,3758,A63,A71,1,A92,A101,4,A124,23,A143,A151,1,A171,1,A191,A201
477,1,0,0.00735733812785316,A13,24,A32,A43,5152,A61,A74,4,A93,A101,2,A123,25,A141,A152,1,A173,1,A191,A201
365,1,1,0.9999838805963027,A14,12,A32,A49,1542,A61,A74,2,A93,A101,4,A123,36,A143,A152,1,A173,1,A192,A201
532,1,1,0.9997639406721,A14,12,A33,A41,1503,A61,A73,4,A94,A101,4,A121,41,A143,A151,1,A173,1,A191,A201
907,1,1,0.9351456299670186,A12,36,A32,A46,3711,A65,A73,2,A94,A101,2,A123,27,A143,A152,1,A173,1,A191,A201
989,1,0,0.45174392490006593,A12,24,A34,A43,1743,A61,A75,4,A93,A101,2,A122,48,A143,A152,2,A172,1,A191,A201
257,0,0,0.1704631794961145,A11,12,A31,A43,2149,A61,A73,4,A91,A101,1,A124,29,A143,A153,1,A173,1,A191,A201
676,1,1,0.614480229308441,A14,24,A34,A42,5150,A61,A75,4,A93,A101,4,A123,33,A143,A152,1,A173,1,A192,A201
386,1,1,0.9057705420649204,A14,18,A32,A43,1126,A65,A72,4,A92,A101,2,A121,21,A143,A151,1,A173,1,A192,A201
131,0,1,0.5338970156720431,A11,36,A33,A46,6887,A61,A73,4,A93,A101,3,A122,29,A142,A152,1,A173,1,A192,A201
67,1,1,0.9565975522178505,A12,12,A32,A40,1007,A64,A73,4,A94,A101,1,A121,22,A143,A152,1,A173,1,A191,A201
918,0,1,0.9797351041150542,A11,24,A32,A42,2359,A62,A71,1,A91,A101,1,A122,33,A143,A152,1,A173,1,A191,A201
310,1,1,0.9973170407139492,A12,48,A32,A410,5381,A65,A71,3,A93,A101,4,A124,40,A141,A153,1,A171,1,A192,A201
260,1,1,0.7474726735349927,A11,12,A32,A42,1657,A61,A73,2,A93,A101,2,A121,27,A143,A152,1,A173,1,A191,A201
467,1,1,0.9999727128446253,A14,48,A33,A43,7238,A65,A75,3,A93,A101,3,A123,32,A141,A152,2,A173,2,A191,A201
768,1,1,0.999554732156929,A12,12,A34,A42,3617,A61,A75,1,A93,A101,4,A123,28,A143,A151,3,A173,1,A192,A201
638,1,0,0.3020778502863514,A14,12,A32,A43,1493,A61,A72,4,A92,A101,3,A123,34,A143,A152,1,A173,2,A191,A201
280,1,1,0.9999948037693934,A14,15,A34,A41,3368,A64,A75,3,A93,A101,4,A124,23,A143,A151,2,A173,1,A192,A201
810,1,0,0.003799660083723807,A12,8,A32,A49,907,A61,A72,3,A94,A101,2,A121,26,A143,A152,1,A173,1,A192,A201
6,1,1,0.9133621043774012,A14,24,A32,A42,2835,A63,A75,3,A93,A101,4,A122,53,A143,A152,1,A173,1,A191,A201
10,0,0,0.10326570154111864,A12,12,A32,A40,1295,A61,A72,3,A92,A101,1,A123,25,A143,A151,1,A173,1,A191,A201
985,1,1,0.9956998097667896,A11,15,A34,A42,1433,A61,A73,4,A92,A101,3,A122,25,A143,A151,2,A173,1,A191,A201
195,0,1,0.9999693099979255,A12,9,A34,A46,1501,A61,A75,2,A92,A101,3,A123,34,A143,A152,2,A174,1,A192,A201
540,0,1,0.997982922731398,A12,12,A32,A43,1534,A61,A72,1,A94,A101,1,A121,23,A143,A151,1,A173,1,A191,A201
634,0,0,0.0011901641818283493,A12,24,A32,A40,1355,A61,A72,3,A92,A101,4,A123,25,A143,A152,1,A172,1,A192,A201
727,0,0,0.0006900515479713753,A11,18,A32,A43,1882,A61,A73,4,A92,A101,4,A123,25,A141,A151,2,A173,1,A191,A201
687,1,1,0.9666689902833063,A12,36,A33,A40,2862,A62,A75,4,A93,A101,3,A124,30,A143,A153,1,A173,1,A191,A201
495,0,0,0.035630740977493025,A11,24,A32,A42,2996,A65,A73,2,A94,A101,4,A123,20,A143,A152,1,A173,1,A191,A201
211,1,1,0.999980235239136,A14,36,A32,A43,3835,A65,A75,2,A92,A101,4,A121,45,A143,A152,1,A172,1,A192,A201
635,1,1,0.9999643891364752,A14,12,A32,A46,1393,A61,A75,4,A93,A101,4,A122,47,A141,A152,3,A173,2,A192,A201
572,1,1,0.9952296736482437,A14,24,A32,A41,5433,A65,A71,2,A92,A101,4,A122,26,A143,A151,1,A174,1,A192,A201
743,1,1,0.9998731597857994,A11,24,A31,A42,2483,A63,A73,4,A93,A101,4,A121,22,A142,A152,1,A173,1,A192,A201
162,1,1,0.9999968574477285,A14,15,A32,A44,1262,A63,A74,4,A93,A101,3,A122,36,A143,A152,2,A173,1,A192,A201
91,1,1,0.9932923729090477,A11,12,A34,A41,1409,A61,A75,4,A93,A101,3,A121,54,A143,A152,1,A173,1,A191,A201
869,1,0,0.1583781643488972,A11,12,A32,A42,652,A61,A75,4,A92,A101,4,A122,24,A143,A151,1,A173,1,A191,A201
141,1,0,0.0009327858426059479,A12,36,A32,A43,4795,A61,A72,4,A92,A101,1,A124,30,A143,A152,1,A174,1,A192,A201
238,1,1,0.99985015256419,A14,12,A34,A43,1291,A61,A73,4,A92,A101,2,A122,35,A143,A152,2,A173,1,A191,A201
368,0,1,0.5725028971208015,A11,36,A32,A42,3446,A61,A75,4,A93,A101,2,A123,42,A143,A152,1,A173,2,A191,A201
461,1,1,0.8717258273714793,A11,15,A32,A40,1721,A61,A72,2,A93,A101,3,A121,36,A143,A152,1,A173,1,A191,A201
835,0,0,0.027843156773053393,A11,12,A30,A40,1082,A61,A73,4,A93,A101,4,A123,48,A141,A152,2,A173,1,A191,A201
134,1,1,0.9436922744479961,A14,60,A32,A43,10144,A62,A74,2,A92,A101,4,A121,21,A143,A152,1,A173,1,A192,A201
588,0,1,0.9918390066684771,A11,18,A32,A44,1217,A61,A73,4,A94,A101,3,A121,47,A143,A152,1,A172,1,A192,A201
815,1,0,0.10645229363043873,A12,36,A33,A40,7432,A61,A73,2,A92,A101,2,A122,54,A143,A151,1,A173,1,A191,A201
653,0,1,0.6847567428737119,A12,36,A33,A40,8086,A62,A75,2,A93,A101,4,A123,42,A143,A152,4,A174,1,A192,A201
868,1,0,0.25017500457117053,A14,36,A32,A49,7409,A65,A75,3,A93,A101,2,A122,37,A143,A152,2,A173,1,A191,A201
4,0,0,0.0005290976736470383,A11,24,A33,A40,4870,A61,A73,3,A93,A101,4,A124,53,A143,A153,2,A173,2,A191,A201
250,1,1,0.9999999868049159,A11,6,A34,A40,666,A64,A74,3,A92,A101,4,A121,39,A143,A152,2,A172,1,A192,A201
87,0,0,0.03876984942067344,A12,36,A32,A46,12612,A62,A73,1,A93,A101,4,A124,47,A143,A153,1,A173,2,A192,A201
112,1,1,0.9289899752294466,A12,18,A32,A40,6260,A61,A74,3,A93,A101,3,A121,28,A143,A151,1,A172,1,A191,A201
128,1,1,0.9925861558802846,A12,12,A34,A41,1860,A61,A71,4,A93,A101,2,A123,34,A143,A152,2,A174,1,A192,A201
736,0,1,0.9952462200928824,A12,24,A32,A41,11560,A61,A73,1,A92,A101,4,A123,23,A143,A151,2,A174,1,A191,A201
580,0,0,0.005949684217101532,A12,18,A34,A40,1056,A61,A75,3,A93,A103,3,A121,30,A141,A152,2,A173,1,A191,A201
154,1,1,0.9886370156331487,A12,24,A33,A49,6967,A62,A74,4,A93,A101,4,A123,36,A143,A151,1,A174,1,A192,A201
718,1,1,0.8607418465830203,A13,24,A34,A43,3148,A65,A73,3,A93,A101,2,A123,31,A143,A152,2,A173,1,A192,A201
333,0,0,0.003842654239842619,A14,48,A34,A41,11590,A62,A73,2,A92,A101,4,A123,24,A141,A151,2,A172,1,A191,A201
788,0,0,0.08265996835655014,A12,48,A33,A46,6224,A61,A75,4,A93,A101,4,A124,50,A143,A153,1,A173,1,A191,A201
301,0,1,0.9908571739913632,A12,36,A30,A43,3804,A61,A73,4,A92,A101,1,A123,42,A143,A152,1,A173,1,A192,A201
261,1,1,0.9795717582387451,A11,24,A32,A43,1603,A61,A75,4,A92,A101,4,A123,55,A143,A152,1,A173,1,A191,A201
194,0,0,0.1815176270065649,A12,45,A32,A43,3031,A62,A73,4,A93,A103,4,A122,21,A143,A151,1,A173,1,A191,A201
418,1,1,0.9999909498911862,A14,21,A32,A40,2782,A63,A74,1,A92,A101,2,A123,31,A141,A152,1,A174,1,A191,A201
24,1,1,0.9999999995741924,A14,10,A34,A42,2069,A65,A73,2,A94,A101,1,A123,26,A143,A152,2,A173,1,A191,A202
481,1,0,0.001285058676758563,A12,24,A32,A40,1201,A61,A72,4,A93,A101,1,A122,26,A143,A152,1,A173,1,A191,A201
969,1,1,0.9999954409718667,A11,11,A34,A40,3939,A61,A73,1,A93,A101,2,A121,40,A143,A152,2,A172,2,A191,A201
186,0,0,0.13766184584182148,A12,9,A31,A41,5129,A61,A75,2,A92,A101,4,A124,74,A141,A153,1,A174,2,A192,A201
528,0,0,3.154620966142536e-05,A11,36,A32,A43,2302,A61,A73,4,A91,A101,4,A123,31,A143,A151,1,A173,1,A191,A201
383,1,1,0.7383183778559402,A13,12,A32,A40,1330,A61,A72,4,A93,A101,1,A121,26,A143,A152,1,A173,1,A191,A201
25,1,1,0.9982071392654835,A11,6,A32,A42,1374,A61,A73,1,A93,A101,2,A121,36,A141,A152,1,A172,1,A192,A201
297,1,1,0.9952261585617913,A14,10,A32,A40,1287,A65,A75,4,A93,A102,2,A122,45,A143,A152,1,A172,1,A191,A202
630,1,0,0.37801981588282174,A11,24,A32,A43,3660,A61,A73,2,A92,A101,4,A123,28,A143,A152,1,A173,1,A191,A201
798,1,1,0.9995182618503862,A14,24,A33,A40,717,A65,A75,4,A94,A101,4,A123,54,A143,A152,2,A173,1,A192,A201
138,1,1,0.9999994628407293,A12,15,A34,A43,2728,A65,A74,4,A93,A103,2,A121,35,A141,A152,3,A173,1,A192,A201
442,1,1,0.9874343375125836,A12,20,A33,A410,2629,A61,A73,2,A93,A101,3,A123,29,A141,A152,2,A173,1,A192,A201
153,1,1,0.9999696232075334,A12,24,A34,A41,7758,A64,A75,2,A92,A101,4,A124,29,A143,A151,1,A173,1,A191,A201
325,1,1,0.9999999905823042,A11,8,A34,A40,3398,A61,A74,1,A93,A101,4,A121,39,A143,A152,2,A172,1,A191,A202
738,1,1,0.9999964404751547,A14,6,A34,A40,6761,A61,A74,1,A93,A101,3,A124,45,A143,A152,2,A174,2,A192,A201
